1a865e5cb9ff3a2e11d98639e482d419517980dc	source/Example Measurement/Compression Test/FPT_Compression UI/Measurement UI.vi
a0a8cbd31f578b6ef361bb95f1eb13a52f51e11e	source/Example Measurement/Compression Test/FPT_Compression UI/SharedVIs/Graph Assign Plot Names and Data.vi
41388ed8ab01b39c0bd00911bd4d79a48bb43aed	source/Example Measurement/Compression Test/FPT_Compression UI/SharedVIs/Graph Cursor Update.vi
56d45b1d20c5874c7278033987c60dfb1a76a34f	source/Example Measurement/Compression Test/FPT_Compression UI/SharedVIs/Graph Set Cursor Mode.vi
182e41cae98633438be54cad189e6fd211b0a20c	source/Example Measurement/Compression Test/FPT_Compression UI/SharedVIs/Table Attributes Reset.vi
db15525e6f1c4600d65e2f0ce6467d604eac1afb	source/Example Measurement/Compression Test/FPT_Compression UI/SharedVIs/Table Highlight.vi
6831955abd03d0ae66ba57c14bad733f15dad044	source/Example Measurement/Compression Test/FPT_Compression UI/SharedVIs/Table Set Header Name and Data (String).vi
2636ac6a0229849f3fd50292e72d6ca5aabf0421	source/Example Measurement/Compression Test/FPT_Compression UI/SubVIs/Get Data per Frequency at Pin Point Index.vi
cf33f951a121cf7b2cc808b2d856ca9cbeb97041	source/Example Measurement/Compression Test/FPT_Compression/Build Assets/Post-Build Action.vi
bdf5bfe0daea915ccb35ef5521f9dd27ee58e4e2	source/Example Measurement/Compression Test/FPT_Compression/Get Plugin Paths.vi
a970acd701e649c3ecc4784ee04199b680e719fa	source/Example Measurement/Compression Test/FPT_Compression/Get Service Descriptor.vi
3722fa2023941d187d91b5f0a74e4dcc68a44262	source/Example Measurement/Compression Test/FPT_Compression/Get Type Specializations.vi
1516214b9867d906b2a74b5d5820afc5e97c9497	source/Example Measurement/Compression Test/FPT_Compression/Get User Interface Information.vi
cbdf858971dd1bfb06d428eca346a37f8ff3edab	source/Example Measurement/Compression Test/FPT_Compression/Measure.vi
9cf47324b334f7b4135a7c6f1b2ffc13612254b3	source/Example Measurement/Compression Test/FPT_Compression/Measurement Logic.vi
1a916af7d4f3c1f9e20c8286b7501a0d72400872	source/Example Measurement/Compression Test/FPT_Compression/Measurement/Compression.vi
8d8e97896da57f9afdf824271a3f5ee122b2ef3b	source/Example Measurement/Compression Test/FPT_Compression/Measurement/SubVIs/Commit NIRFSG.vi
2d27bdb5307596f1e3b76126493ea9e5a53870ea	source/Example Measurement/Compression Test/FPT_Compression/Measurement/SubVIs/Commit NIRFmx.vi
7b5da821db71436f909b7d25dcee934629a794ec	source/Example Measurement/Compression Test/FPT_Compression/Measurement/SubVIs/Configure VSA.vi
4cb47746bed90589e41dbf861a193e485378cf19	source/Example Measurement/Compression Test/FPT_Compression/Measurement/SubVIs/Configure VSG.vi
66eda0d05ed5379901f903fe9466eef696541f02	source/Example Measurement/Compression Test/FPT_Compression/Measurement/SubVIs/Fetch Data - PAE.vi
977ba442055467dbc90234eea21c1737ddee3ea2	source/Example Measurement/Compression Test/FPT_Compression/Measurement/SubVIs/Get Value at Pin - PAE.vi
35f542965c3b52dcae0400aafc686bbcad926afc	source/Example Measurement/Compression Test/FPT_Compression/Measurement/SubVIs/Instruments Abort - PAE.vi
d7f413def9d1b32cff7195deb0622135c4512d39	source/Example Measurement/Compression Test/FPT_Compression/Measurement/SubVIs/Measurement - PAE.vi
fad3d823fdf42d70dd224deebabaeef293c03490	source/Example Measurement/Compression Test/FPT_Compression/Measurement/SubVIs/Preserve niDCPower Settings - PAE.vi
98eaee7b2ae882f426906cb4fb5c8da2cf41d59a	source/Example Measurement/Compression Test/FPT_Compression/Measurement/SubVIs/RFSG Config - PAE.vi
556f0cce1365ccc5a1facd25f160734142c2a77e	source/Example Measurement/Compression Test/FPT_Compression/Measurement/SubVIs/RFmx Config - PAE.vi
b0131fe9550d50fda866fa1ea23fff5ae1d03764	source/Example Measurement/Compression Test/FPT_Compression/Measurement/SubVIs/SMU Config - PAE.vi
5286e2ab4224989bc9ef0668ed658c1872e0b947	source/Example Measurement/Compression Test/FPT_Compression/Measurement/SubVIs/Test Configuration - PAE.vi
2011d2b2717ab41199a98f8823792ff83dcf3dbc	source/Example Measurement/Compression Test/FPT_Compression/Pack for gRPC.vi
f02ff9eca2ba7a0e21864e826a07148156439f05	source/Example Measurement/Compression Test/FPT_Compression/Run Service.vi
b02bc95bc6dad0f01a7ffad0c5dfad3df49788cc	source/Example Measurement/Compression Test/FPT_Compression/Signal Measurement Complete.vi
f9aee5702b84afad8da587ea6480ef5f940f63d1	source/Example Measurement/Compression Test/FPT_Compression/SubVIs/Configuration Parse.vi
2ac6c71f7e8b27898bb2b49d69fbbbe1fb0631ac	source/Example Measurement/Compression Test/FPT_Compression/Unpack for gRPC.vi
8553a80cd25d7db2cd61b1e5cb351067a556f94d	source/Example Measurement/Compression Test/FPT_Compression/Wait Until Cancelled or Complete.vi
51c2a2b453b2fb8dd7b94e00f7631ea8ace4e9ad	source/Example Measurement/FPT Shared VIs/Power Sequencing/Find Connected NI Devices.vi
085095e2cb3225d86c06bd91c6f26ed13ac9642c	source/Example Measurement/FPT Shared VIs/Power Sequencing/Get Power Sequence.vi
d76d9b342ab6cdc4111a8a57effba9c373086cfb	source/Example Measurement/FPT Shared VIs/Power Sequencing/Get Specific Channel Resources.vi
60cff82c16af1ef0a87e83eba7803ebfeb549f06	source/Example Measurement/FPT Shared VIs/Power Sequencing/Identify Instrument Type.vi
3b9d2e2bb5229ea46853a8512ee43b94bdd7e1f1	source/Example Measurement/FPT Shared VIs/Power Sequencing/Power Off Dut.vi
02fceffd8906f43c4c4e5fe7f6db11a89f1b5303	source/Example Measurement/FPT Shared VIs/Power Sequencing/Power On Dut.vi
fa472f2425de75475a77264939c9a585a01f6894	source/Example Measurement/FPT Shared VIs/Power Sequencing/Power Sequence CSV Validity Check.vi
d2ead7ccdf2c6440199094f4efb5a94daf4fb175	source/Example Measurement/Intermodulation Test/FPT Intermodulation UI/Measurement UI.vi
b4003e5a770ace56e01d19f5654c90fbf7a4e150	source/Example Measurement/Intermodulation Test/FPT Intermodulation UI/SubVIs/Get Ideal Fundamental and IMD Slopes UI.vi
724dba45cef1b1c80b205f4cb1cdc0cedd3e1ea7	source/Example Measurement/Intermodulation Test/FPT Intermodulation UI/SubVIs/Get Pin at Target Pout.vi
e53aa1f2cb73ba72ba1f41948af2f495a5d07c23	source/Example Measurement/Intermodulation Test/FPT Intermodulation UI/SubVIs/Graph Assign Plot Names and Data.vi
1a2359cad80bcbeb87d7ee240cd8c4f446124a62	source/Example Measurement/Intermodulation Test/FPT Intermodulation UI/SubVIs/Graph Cursor Update.vi
30c467b5dc90feb52c144eb7b3025f71639e32dc	source/Example Measurement/Intermodulation Test/FPT Intermodulation UI/SubVIs/Graph Set Cursor Mode.vi
46060e0df3993d001dcdf2c7e0c1825f21ff7d11	source/Example Measurement/Intermodulation Test/FPT Intermodulation UI/SubVIs/Graph Update.vi
305fba062405e33781aa789071a911017435fe34	source/Example Measurement/Intermodulation Test/FPT Intermodulation UI/SubVIs/Resize Data with xi-axis (NaN).vi
4d07fbcc5d8ec5895a9d53ea1eedfe212200fb4a	source/Example Measurement/Intermodulation Test/FPT Intermodulation UI/SubVIs/Table Attributes Reset.vi
ea8bca324389b9a4e2190b066ff444d2f68c48df	source/Example Measurement/Intermodulation Test/FPT Intermodulation UI/SubVIs/Table Highlight.vi
86b32b74773c73dae9d945169cfb76807cb376ca	source/Example Measurement/Intermodulation Test/FPT Intermodulation UI/SubVIs/Table Set Header Name and Data (DBL).vi
83442a86a074ce1a0d0ab5099d47288b868f523f	source/Example Measurement/Intermodulation Test/FPT Intermodulation/Build Assets/Post-Build Action.vi
d4b7121dff35fe9e71add1e21152898fc794dfb6	source/Example Measurement/Intermodulation Test/FPT Intermodulation/Get Plugin Paths.vi
2abcd4f51c64abb7bca4aa7f5c86c632ac1c2192	source/Example Measurement/Intermodulation Test/FPT Intermodulation/Get Service Descriptor.vi
69b6b92b7077bd9a9d0546f7e322615b105ed62e	source/Example Measurement/Intermodulation Test/FPT Intermodulation/Get Type Specializations.vi
4617b4cf05413c98d7a9635b0ff89bd867a9bbf0	source/Example Measurement/Intermodulation Test/FPT Intermodulation/Get User Interface Information.vi
dbd19aed62266f5a5f9276d955a681488f5e8c13	source/Example Measurement/Intermodulation Test/FPT Intermodulation/Measure.vi
19f2666d5a2f5d15e0d781286fe9802d2c90a4b5	source/Example Measurement/Intermodulation Test/FPT Intermodulation/Measurement Logic.vi
6b9b27e061110640faf935efb5ca59e3e21b5450	source/Example Measurement/Intermodulation Test/FPT Intermodulation/Measurement/IM TOI Sweep.vi
25b6082756747a4aecbc29830208912543e6f1ab	source/Example Measurement/Intermodulation Test/FPT Intermodulation/Measurement/SubVIs/Get Ideal Fundamental and IMD Slopes - TOI.vi
c9cc17068ce606d562abd6352fd781f114b8e547	source/Example Measurement/Intermodulation Test/FPT Intermodulation/Measurement/SubVIs/Get Ideal Fundamental and IMD Slopes Core - TOI.vi
a54c401ddcfb61895ba6c8d05fa0c46b9e29b3c4	source/Example Measurement/Intermodulation Test/FPT Intermodulation/Measurement/SubVIs/Get List of PINs - TOI.vi
1f92642ad7f6206b0900692a10a03d905309b285	source/Example Measurement/Intermodulation Test/FPT Intermodulation/Measurement/SubVIs/Get Sweep Results - TOI.vi
69cf9de4bc69fb78cf7a095f1209f29c6a9b64b0	source/Example Measurement/Intermodulation Test/FPT Intermodulation/Measurement/SubVIs/Identify Worst Tone at Target Pout per Tone.vi
e7588d6768e4ef08b5cc139a05b57d1f62733251	source/Example Measurement/Intermodulation Test/FPT Intermodulation/Measurement/SubVIs/RFSG Update Sweep - TOI.vi
613f314a1149e625440f2736afc9e9dc8fbbf252	source/Example Measurement/Intermodulation Test/FPT Intermodulation/Measurement/SubVIs/RFmx Update Sweep - TOI.vi
680cb7cbdbc549c3c1f4dcd83863f25ef858762d	source/Example Measurement/Intermodulation Test/FPT Intermodulation/Measurement/SubVIs/SA Initialize - TOI.vi
2cb4d0b69ddea0497eca66d79f5d553efe302073	source/Example Measurement/Intermodulation Test/FPT Intermodulation/Measurement/SubVIs/SG Initialize - TOI.vi
44a4eeb6a856e1e11151acfccfb7157fd98e61b3	source/Example Measurement/Intermodulation Test/FPT Intermodulation/Measurement/SubVIs/TOI Fetch Data (ALL) - TOI.vi
d0209bf63f17077a90c784157e5fe3e091f2fded	source/Example Measurement/Intermodulation Test/FPT Intermodulation/Measurement/SubVIs/Up Sample Plot - TOI.vi
f4cbcdd2ac8ac6df7e82f10ce687613ec71767db	source/Example Measurement/Intermodulation Test/FPT Intermodulation/Pack for gRPC.vi
f99f0642b780192f51b771d90fb98b9d446c9ac4	source/Example Measurement/Intermodulation Test/FPT Intermodulation/Run Service.vi
cd1907e71fbbcda533cd817c81563c9624266e5f	source/Example Measurement/Intermodulation Test/FPT Intermodulation/Signal Measurement Complete.vi
b972b645eee95571daf4c42d5ef8c11118eb7854	source/Example Measurement/Intermodulation Test/FPT Intermodulation/SubVIs/Configuration Parse.vi
1edb45cc9261953e012cbbccbd6c132ce6b045be	source/Example Measurement/Intermodulation Test/FPT Intermodulation/Unpack for gRPC.vi
96ea7f59a7edb6327727dd50c523cf4bbc6be822	source/Example Measurement/Intermodulation Test/FPT Intermodulation/Wait Until Cancelled or Complete.vi
631323362b7be7ad64e1880ff9e6c12ecf296412	source/Example Measurement/Noise Figure Test/FPT NoiseFigure UI/Measurement UI.vi
ba3fc731bbb7d9cd043ad8b0519b1a4d0df29d6a	source/Example Measurement/Noise Figure Test/FPT NoiseFigure UI/SharedVIs/Graph Assign Plot Names and Data.vi
fc61aba6b9c9eaca976da1eb3a43f71c5aaec3cb	source/Example Measurement/Noise Figure Test/FPT NoiseFigure UI/SharedVIs/Graph Cursor Update.vi
93ea0f8a216dfd4296137af0466c79608460cc3c	source/Example Measurement/Noise Figure Test/FPT NoiseFigure UI/SharedVIs/Graph Set Cursor Mode.vi
d5361efbd8648e2cf8f821e1bd0c5b6249ee92ea	source/Example Measurement/Noise Figure Test/FPT NoiseFigure UI/SharedVIs/Table Attributes Reset.vi
fd59cd467b1e6e66184a42b8d46c7e975c0e21ac	source/Example Measurement/Noise Figure Test/FPT NoiseFigure UI/SharedVIs/Table Highlight.vi
b4600e3a3fb65126661163ddb20e5f95d62c6adb	source/Example Measurement/Noise Figure Test/FPT NoiseFigure UI/SharedVIs/Table Set Header Name and Data (String).vi
750558decf6d38a576475f951f029fb40245e5d2	source/Example Measurement/Noise Figure Test/FPT NoiseFigure UI/SubVIs/Frequency and Value Arrays to Cluster Array.vi
56472a2a5788d7f434779dc4f9602646fbc51921	source/Example Measurement/Noise Figure Test/FPT NoiseFigure/Build Assets/Post-Build Action.vi
0e1b12c8a1065546067b25ffc87f0637b4e6cf42	source/Example Measurement/Noise Figure Test/FPT NoiseFigure/Get Plugin Paths.vi
d791f2203646ac137d6b2dfa6bc7030326f63885	source/Example Measurement/Noise Figure Test/FPT NoiseFigure/Get Service Descriptor.vi
03fcfeff38ddfffa336d552ba65177769644c05e	source/Example Measurement/Noise Figure Test/FPT NoiseFigure/Get Type Specializations.vi
5d103eae126a2f593b91c568c9d27763df0923b5	source/Example Measurement/Noise Figure Test/FPT NoiseFigure/Get User Interface Information.vi
0e82c611e12b95d2a8285a951d97d64d563049cf	source/Example Measurement/Noise Figure Test/FPT NoiseFigure/Measure.vi
14923b53b4785f7bc33e5f5247ad6e1d10b0c04e	source/Example Measurement/Noise Figure Test/FPT NoiseFigure/Measurement Logic.vi
dff2bda040c756f507b83b46d8177a35d875417d	source/Example Measurement/Noise Figure Test/FPT NoiseFigure/Measurement/Noise Figure Measurement.vi
610657134ec7924ecafd9a8a5f57c853b16fb12e	source/Example Measurement/Noise Figure Test/FPT NoiseFigure/Measurement/SubVIs/Fetch - NF.vi
671eb00738b2a4b544e428c359359ae006a5c182	source/Example Measurement/Noise Figure Test/FPT NoiseFigure/Measurement/SubVIs/Path Loss Compensation - NF.vi
1f0e618885d7927611fb26588d77bde728727dc6	source/Example Measurement/Noise Figure Test/FPT NoiseFigure/Measurement/SubVIs/SA Initialize - NF.vi
9d0d6f0bd61081f4b040705e65085977560070ea	source/Example Measurement/Noise Figure Test/FPT NoiseFigure/Measurement/SubVIs/SA Reference Level Configuration - NF.vi
d9e6670c0298ba68e8c8e92c2edd6203465416ba	source/Example Measurement/Noise Figure Test/FPT NoiseFigure/Measurement/SubVIs/Test Configuration - NF.vi
4894dc9a43366b53168895d3467d4ae4aa699483	source/Example Measurement/Noise Figure Test/FPT NoiseFigure/Pack for gRPC.vi
0e795044893b17826c79330243fc2200ffbb3dd0	source/Example Measurement/Noise Figure Test/FPT NoiseFigure/Run Service.vi
017920f13f1c75ab02930b118ffa373bbcc71f52	source/Example Measurement/Noise Figure Test/FPT NoiseFigure/Signal Measurement Complete.vi
7d888172e92df765714888964a783723f5d55a2b	source/Example Measurement/Noise Figure Test/FPT NoiseFigure/SubVIs/Configuration Parse.vi
c5a1923e05db9ce96f84fff4fa6843792d164488	source/Example Measurement/Noise Figure Test/FPT NoiseFigure/SubVIs/Get Frequency List - NF.vi
a24f3cb079033d705688d1a16a2546f9bdc703af	source/Example Measurement/Noise Figure Test/FPT NoiseFigure/Unpack for gRPC.vi
bbea07033fe30b4300321d3121563dfde5bfae04	source/Example Measurement/Noise Figure Test/FPT NoiseFigure/Wait Until Cancelled or Complete.vi
3c4cf8085fae60cc6063e7d68a4d2f5fd1e88b49	source/Example Measurement/Pulse Measurement Test/FPT Pulse Measurement UI/Measurement UI.vi
6a23a770f8ade65b49f7d3d36ec478189633057a	source/Example Measurement/Pulse Measurement Test/FPT Pulse Measurement UI/SharedVIs/Graph Assign Plot Names and Data.vi
c7bbc484086363a32271b5b6dcc2fe930d585b0d	source/Example Measurement/Pulse Measurement Test/FPT Pulse Measurement UI/SharedVIs/Graph Cursor Update.vi
90d1c17b097d2494fe19b40840e0ad8a631a9ffb	source/Example Measurement/Pulse Measurement Test/FPT Pulse Measurement UI/SharedVIs/Graph Set Cursor Mode.vi
b386c3d889eb8d4cb168b4edf434feb3754f73be	source/Example Measurement/Pulse Measurement Test/FPT Pulse Measurement UI/SharedVIs/Table Attributes Reset.vi
5819628cb42998436fecc84bf54c1414f19124c2	source/Example Measurement/Pulse Measurement Test/FPT Pulse Measurement UI/SharedVIs/Table Highlight.vi
990ae8c8ce7b5854f117dbbea40fab08e123d66b	source/Example Measurement/Pulse Measurement Test/FPT Pulse Measurement UI/SharedVIs/Table Set Header Name and Data (DBL).vi
23dd148eafd969a5a1146f2bcb10a0b88c8f8485	source/Example Measurement/Pulse Measurement Test/FPT Pulse Measurement UI/SharedVIs/Table Set Header Name and Data (String).vi
431e1d042e597d359b8ce84e4746219a295cb5e4	source/Example Measurement/Pulse Measurement Test/FPT Pulse Measurement/Build Assets/Post-Build Action.vi
aeb070809258d6147693592eb681583b059456e1	source/Example Measurement/Pulse Measurement Test/FPT Pulse Measurement/Get Plugin Paths.vi
73e18bf54224c6edde5936db39c66d3a99154733	source/Example Measurement/Pulse Measurement Test/FPT Pulse Measurement/Get Service Descriptor.vi
d733b3f001aea2d6baac9efc89671456a21b30f5	source/Example Measurement/Pulse Measurement Test/FPT Pulse Measurement/Get Type Specializations.vi
5d4bfbac350b5c039bec75e8d65576ee2332e1fa	source/Example Measurement/Pulse Measurement Test/FPT Pulse Measurement/Get User Interface Information.vi
770fc84650ab225dbb069c0ca1c1a7088f8d9367	source/Example Measurement/Pulse Measurement Test/FPT Pulse Measurement/Measure.vi
eecde0183fe006fd26b38aad937297d04041cf09	source/Example Measurement/Pulse Measurement Test/FPT Pulse Measurement/Measurement Logic.vi
07cf283f6493d3b4c76e1e13ba1445b2a1eed4cc	source/Example Measurement/Pulse Measurement Test/FPT Pulse Measurement/Measurement/Pulse Measurement Panel.vi
91d4c92638d0f0d20fc562924b150c8919da3629	source/Example Measurement/Pulse Measurement Test/FPT Pulse Measurement/Measurement/SubVIs/Pulse Configure Trigger.vi
031fd8984beaeaf8968fe42c17424003d4267b6b	source/Example Measurement/Pulse Measurement Test/FPT Pulse Measurement/Measurement/SubVIs/Pulse Fetch Data.vi
6e50dd3b373017c2569a429fffc7855840215af9	source/Example Measurement/Pulse Measurement Test/FPT Pulse Measurement/Measurement/SubVIs/Pulse RFSG.vi
b8401776a11e39762a219376ffa924b27b53c85d	source/Example Measurement/Pulse Measurement Test/FPT Pulse Measurement/Measurement/SubVIs/Pulse RFmx.vi
b9621c83feda3832a801639fbc41defbd3abd282	source/Example Measurement/Pulse Measurement Test/FPT Pulse Measurement/Measurement/SubVIs/Pulse Test Configuration.vi
70b9af4ab5f8924ab3b0b362551467f035d4fba6	source/Example Measurement/Pulse Measurement Test/FPT Pulse Measurement/Measurement/SubVIs/RFSG Generate Pulse.vi
e1be8e8aeaf60dceb6f7d42954b11a2be38af26b	source/Example Measurement/Pulse Measurement Test/FPT Pulse Measurement/Pack for gRPC.vi
7a1e160b47463cd1dc12e19f2576005a54c7cbab	source/Example Measurement/Pulse Measurement Test/FPT Pulse Measurement/Run Service.vi
0484bd5c12b771980839a9ecc4e504c717365949	source/Example Measurement/Pulse Measurement Test/FPT Pulse Measurement/Signal Measurement Complete.vi
52ae87fc13837e0e1e23bc0fa583019cdad309a9	source/Example Measurement/Pulse Measurement Test/FPT Pulse Measurement/SubVIs/Configuration Parse.vi
452864aa99b18fe0aef2ac523dbce17cce4ae650	source/Example Measurement/Pulse Measurement Test/FPT Pulse Measurement/Unpack for gRPC.vi
a03e37c364090d0a514c9d84c1f3bbcc9c3e828b	source/Example Measurement/Pulse Measurement Test/FPT Pulse Measurement/Wait Until Cancelled or Complete.vi
d05ddf63ce1795500af7029aa93171ad728e5e3e	source/Example Measurement/S Param Test/FPT_SParam UI/Measurement UI.vi
35d8a6363849076e9940a26b368cf2bfb5613aa3	source/Example Measurement/S Param Test/FPT_SParam UI/SharedVIs/Graph Assign Plot Names and Data.vi
19d1b00bce235796eb2228a8e1d72b1321380658	source/Example Measurement/S Param Test/FPT_SParam UI/SharedVIs/Graph Cursor Update.vi
c0849992f970f04f57d2b5bdfa1024f6363de574	source/Example Measurement/S Param Test/FPT_SParam UI/SharedVIs/Graph Set Cursor Mode.vi
c6b7198c612bce6ffbf19c011065274c18c72ec4	source/Example Measurement/S Param Test/FPT_SParam UI/SharedVIs/Table Attributes Reset.vi
ded7c589727afda1bfc41e5d06466df64dae0456	source/Example Measurement/S Param Test/FPT_SParam UI/SharedVIs/Table Highlight.vi
56392cac14f5313ec44c50188269bee5e9675781	source/Example Measurement/S Param Test/FPT_SParam UI/SharedVIs/Table Set Header Name and Data.vi
27bf056ce630ee68306d3cd43a87f379bc608be5	source/Example Measurement/S Param Test/FPT_SParam UI/SubVIs/Get Magnitude and Phase Header - SParam.vi
5544f9c6c3cb8586a2ad365a72bbe2bb406eb4af	source/Example Measurement/S Param Test/FPT_SParam UI/SubVIs/Get S-Param Names - SParam.vi
3d89be00c86036eaaa3486568872ab76bb116847	source/Example Measurement/S Param Test/FPT_SParam/Build Assets/Post-Build Action.vi
acd997282bd1ed0ef928972cc757ed6a0038f225	source/Example Measurement/S Param Test/FPT_SParam/Get Plugin Paths.vi
a6f5e25029f2c416ea8fb612ed7a2d6657fa49ad	source/Example Measurement/S Param Test/FPT_SParam/Get Service Descriptor.vi
7c8ae5befe014876d5849dd911c1e4bab3e77dd9	source/Example Measurement/S Param Test/FPT_SParam/Get Type Specializations.vi
29e16a72d34f43e9b84b279944460eb3f022bdd1	source/Example Measurement/S Param Test/FPT_SParam/Get User Interface Information.vi
c4df545ed1f3accec6ced6848ee7d555f8c336ce	source/Example Measurement/S Param Test/FPT_SParam/Measure.vi
00c59a95392af0bf548ae11e438708d1e0bf9d34	source/Example Measurement/S Param Test/FPT_SParam/Measurement Logic.vi
bc7d5bf33eedc32f06b0bfdcbae1bcad49de80c6	source/Example Measurement/S Param Test/FPT_SParam/Measurement/S Parameter Measurement.vi
ecf99b638f7b32eb4982a4547c3f80dd1d9765b9	source/Example Measurement/S Param Test/FPT_SParam/Measurement/SubVIs/Fetch - SParam.vi
8d3f6def66da835d5610b043e1f25b6c7278cd85	source/Example Measurement/S Param Test/FPT_SParam/Measurement/SubVIs/Save S2P - SParam.vi
f8f899bc17fb9f409f18cfb5ff492b48ac424e19	source/Example Measurement/S Param Test/FPT_SParam/Measurement/SubVIs/Test Configuration - SParam.vi
9badf10da2eae94d91c73018493635e270157d1d	source/Example Measurement/S Param Test/FPT_SParam/Measurement/SubVIs/VNA Calibration - SParam.vi
64e189fbfc1b55cdb9aef85596ad7d65259a2aec	source/Example Measurement/S Param Test/FPT_SParam/Measurement/SubVIs/VNA Calset Correction - SParam.vi
9eee968b2cb53e4aa362374a0053642d17668bbf	source/Example Measurement/S Param Test/FPT_SParam/Measurement/SubVIs/VNA Configuration - SParam.vi
733f9c6c15c4b58b1ca48d1cb61d65ef4ddeb19f	source/Example Measurement/S Param Test/FPT_SParam/Measurement/SubVIs/VNA De-embedding - SParam.vi
21244752adfb76f4e56bfc24dc1cf71e8848892c	source/Example Measurement/S Param Test/FPT_SParam/Measurement/SubVIs/VNA Initialize - SParam.vi
3963ffe6c627a6d1a24c3d6d5c58c8913b7ca0eb	source/Example Measurement/S Param Test/FPT_SParam/Pack for gRPC.vi
246fa53a5714b5cd4a73537108426c5bc2b78e06	source/Example Measurement/S Param Test/FPT_SParam/Run Service.vi
2944e60216b18dbcb040e82fef4ff1beac3e4f21	source/Example Measurement/S Param Test/FPT_SParam/Signal Measurement Complete.vi
826d84304c71752f18f83aa31b57af74c6172639	source/Example Measurement/S Param Test/FPT_SParam/SubVIs/Configuration Parse.vi
7c73f125cdca2e162116cb6bf9735dad06601e0a	source/Example Measurement/S Param Test/FPT_SParam/Unpack for gRPC.vi
785f3f53365a787edc72058b525df1b255523617	source/Example Measurement/S Param Test/FPT_SParam/Wait Until Cancelled or Complete.vi
5b2601fffc56df168e5bc2a8bcf418cebe4571df	source/Example Measurement/S Param VST Test/FPT_SParam_VST UI/Measurement UI.vi
ada30a0d929e07b85f35cc5df1aec1b106c5bea7	source/Example Measurement/S Param VST Test/FPT_SParam_VST UI/SharedVIs/Graph Assign Plot Names and Data.vi
5293d9923d7078c5b9e1fa2a08083fe647b2acb3	source/Example Measurement/S Param VST Test/FPT_SParam_VST UI/SharedVIs/Graph Cursor Update.vi
557ad1a3a0546184c45ca0ed00c96547c48537f0	source/Example Measurement/S Param VST Test/FPT_SParam_VST UI/SharedVIs/Graph Set Cursor Mode.vi
1c2b8f82829c7b5a5fbd45890eacb55a33dda39f	source/Example Measurement/S Param VST Test/FPT_SParam_VST UI/SharedVIs/Table Attributes Reset.vi
751158c153124cba542a0e46f5980cbdd9e7fd97	source/Example Measurement/S Param VST Test/FPT_SParam_VST UI/SharedVIs/Table Highlight.vi
b3c314767217e7a91f9496ecd864020240be4868	source/Example Measurement/S Param VST Test/FPT_SParam_VST UI/SharedVIs/Table Set Header Name and Data.vi
15f1e03e81fa77dadb722e7ffbbfeb53be2294c2	source/Example Measurement/S Param VST Test/FPT_SParam_VST UI/SubVIs/Get Magnitude and Phase Header - SParam_VST.vi
46ef96a726aaa9127cfd6651b3c374eb9b54fafe	source/Example Measurement/S Param VST Test/FPT_SParam_VST UI/SubVIs/Get S-Param Names - SParam_VST.vi
852152afe92e2b7f67f433821a252c09e56872be	source/Example Measurement/S Param VST Test/FPT_SParam_VST/Build Assets/Post-Build Action.vi
f639a230e28f5cd6221c388d3cca5afaa55506bf	source/Example Measurement/S Param VST Test/FPT_SParam_VST/Get Plugin Paths.vi
5a9ae4509e3f4ffa1bb1df8915e104a47cff6a74	source/Example Measurement/S Param VST Test/FPT_SParam_VST/Get Service Descriptor.vi
ff1673e47bf7437000cd89399434117497eeb89d	source/Example Measurement/S Param VST Test/FPT_SParam_VST/Get Type Specializations.vi
536e7324ea4e2a448b145ded8107280a0c94de12	source/Example Measurement/S Param VST Test/FPT_SParam_VST/Get User Interface Information.vi
bee3730298abc02707ff37e2b684c6334c13ce10	source/Example Measurement/S Param VST Test/FPT_SParam_VST/Measure.vi
3b294f4accce2a397ba7cc9c370207ac9a3887c6	source/Example Measurement/S Param VST Test/FPT_SParam_VST/Measurement Logic.vi
b211b80e494173e608ba3b157ac62437c5a7d1a6	source/Example Measurement/S Param VST Test/FPT_SParam_VST/Measurement/FPT_SParam_Switching/Check.vi
19ca0324ecf313de38a3709b993879a785f33428	source/Example Measurement/S Param VST Test/FPT_SParam_VST/Measurement/FPT_SParam_Switching/Close Object.vi
3fc8689650c9d5b2e5117c1d0d23f4407f6aa404	source/Example Measurement/S Param VST Test/FPT_SParam_VST/Measurement/FPT_SParam_Switching/Connect.vi
4ad30386864f5dc56a30ca3bca9081aa118ec791	source/Example Measurement/S Param VST Test/FPT_SParam_VST/Measurement/FPT_SParam_Switching/Port Selection.vi
11455706a1b47c59eb53b721c9b9cd86fda2765f	source/Example Measurement/S Param VST Test/FPT_SParam_VST/Measurement/FPT_SParam_Switching/Switch Initialization.vi
ec02bf47be4a418129f230047701bac757749ab2	source/Example Measurement/S Param VST Test/FPT_SParam_VST/Measurement/FPT_SParam_Switching/Update Connection.vi
b2814cab8acb3a6bc48c627a5eca471db84d1bde	source/Example Measurement/S Param VST Test/FPT_SParam_VST/Measurement/S Parameter VST Measurement.vi
5bf191ddb154240ca5c7d3e802b03de6210000ac	source/Example Measurement/S Param VST Test/FPT_SParam_VST/Measurement/SubVIs/SParam Close Session.vi
de9970f7a88c6d7b9acbb560b6390353b8ec8dc8	source/Example Measurement/S Param VST Test/FPT_SParam_VST/Measurement/SubVIs/SParam Configure Measurement.vi
19c2c9fff2c8d6cff0bc0706954953ab54bdeca0	source/Example Measurement/S Param VST Test/FPT_SParam_VST/Measurement/SubVIs/SParam Fetch Result.vi
728efa30b2b5c52d86f1a2ea8d0ac5e4be972be7	source/Example Measurement/S Param VST Test/FPT_SParam_VST/Measurement/SubVIs/SParam RFSG De-embedding.vi
5426fd98557c53f8733362be1222aa88f376062c	source/Example Measurement/S Param VST Test/FPT_SParam_VST/Measurement/SubVIs/SParam Save S2P.vi
745f54ce4d380950d4b04f7dde1a8d3663bbf964	source/Example Measurement/S Param VST Test/FPT_SParam_VST/Measurement/SubVIs/SParam Test Configuration.vi
f698d020ad5ece655258a8ca5f455bbf37df4471	source/Example Measurement/S Param VST Test/FPT_SParam_VST/Measurement/SubVIs/SParam VST Calibration.vi
b62cdf4907387c0ed1f143f1b8268b53b49a3584	source/Example Measurement/S Param VST Test/FPT_SParam_VST/Measurement/SubVIs/SParam VST Init.vi
8690f72e5ed1cda2239797a0a0f739d7e91fccce	source/Example Measurement/S Param VST Test/FPT_SParam_VST/Measurement/SubVIs/SParam custom dialog.vi
40ac47f26ead545895221baf67869c35ac588137	source/Example Measurement/S Param VST Test/FPT_SParam_VST/Pack for gRPC.vi
391fa37ef05f6639ae79072f1bb483d177f97f0c	source/Example Measurement/S Param VST Test/FPT_SParam_VST/Run Service.vi
ca1451b2f254255509ec8760f13388142ac55f35	source/Example Measurement/S Param VST Test/FPT_SParam_VST/Signal Measurement Complete.vi
54a7097c87487fe2476a695e94475f2dfb7d630f	source/Example Measurement/S Param VST Test/FPT_SParam_VST/SubVIs/Configuration Parse.vi
21aaf20f4c4d0e5f5f0700539b0197550cf31fad	source/Example Measurement/S Param VST Test/FPT_SParam_VST/Unpack for gRPC.vi
25ece82017a6470e07e65c0e032ca8a650d34d39	source/Example Measurement/S Param VST Test/FPT_SParam_VST/Wait Until Cancelled or Complete.vi
51c2a2b453b2fb8dd7b94e00f7631ea8ace4e9ad	source/Framework/FPT Shared VIs/Power Sequencing/Find Connected NI Devices.vi
085095e2cb3225d86c06bd91c6f26ed13ac9642c	source/Framework/FPT Shared VIs/Power Sequencing/Get Power Sequence.vi
d76d9b342ab6cdc4111a8a57effba9c373086cfb	source/Framework/FPT Shared VIs/Power Sequencing/Get Specific Channel Resources.vi
60cff82c16af1ef0a87e83eba7803ebfeb549f06	source/Framework/FPT Shared VIs/Power Sequencing/Identify Instrument Type.vi
3b9d2e2bb5229ea46853a8512ee43b94bdd7e1f1	source/Framework/FPT Shared VIs/Power Sequencing/Power Off Dut.vi
02fceffd8906f43c4c4e5fe7f6db11a89f1b5303	source/Framework/FPT Shared VIs/Power Sequencing/Power On Dut.vi
fa472f2425de75475a77264939c9a585a01f6894	source/Framework/FPT Shared VIs/Power Sequencing/Power Sequence CSV Validity Check.vi
